host,time,type_instance,value,type
VM10-1-9-207,02:10:05.552473,buffered,153804800.0,memory
VM10-1-9-207,02:10:05.552473,cached,3766931456.0,memory
VM10-1-9-207,02:10:05.552473,free,3882168320.0,memory
VM10-1-9-207,02:10:05.552473,slab_recl,325451776.0,memory
VM10-1-9-207,02:10:05.552473,slab_unrecl,37416960.0,memory
VM10-1-9-207,02:10:05.552473,used,209883136.0,memory
