host,time,type,value,type_instance
VM10-1-9-207,02:31:15.234622,memory,156844032.0,buffered
VM10-1-9-207,02:31:15.234622,memory,3775381504.0,cached
VM10-1-9-207,02:31:15.234622,memory,3863867392.0,free
VM10-1-9-207,02:31:15.234622,memory,326893568.0,slab_recl
VM10-1-9-207,02:31:15.234622,memory,37675008.0,slab_unrecl
VM10-1-9-207,02:31:15.234622,memory,214994944.0,used
