host,time,type_instance,value,type
VM10-1-9-207,01:33:56.494842,buffered,150241280.0,memory
VM10-1-9-207,01:33:56.494842,cached,3755454464.0,memory
VM10-1-9-207,01:33:56.494842,free,3915235328.0,memory
VM10-1-9-207,01:33:56.494842,slab_recl,323612672.0,memory
VM10-1-9-207,01:33:56.494842,slab_unrecl,35811328.0,memory
VM10-1-9-207,01:33:56.494842,used,195301376.0,memory
