type,type_instance,host,time,value
memory,buffered,VM10-1-9-207,00:03:30.223927,140328960.0
memory,cached,VM10-1-9-207,00:03:30.223927,3712614400.0
memory,free,VM10-1-9-207,00:03:30.223927,3949805568.0
memory,slab_recl,VM10-1-9-207,00:03:30.223927,317644800.0
memory,slab_unrecl,VM10-1-9-207,00:03:30.223927,32337920.0
memory,used,VM10-1-9-207,00:03:30.223927,222924800.0
